age_band,total_loans,default_rate,avg_loan_amount
1_21-25,410,19.51219512195122,17811.463414634145
2_26-34,918,15.577342047930284,18305.44662309368
3_35-44,1636,13.63080684596577,18209.841075794622
4_45-54,1354,16.765140324963074,18420.310192023633
5_55-64,541,10.166358595194085,19231.977818853975
6_65+,141,18.439716312056735,17198.58156028369
