loan_grade,total_loans,total_originated,avg_loan_amount,avg_interest_rate,defaults,default_rate
A,200,5129400,25647.0,7.474349999999999,4,2.0
B,537,12014300,22372.998137802606,10.459813780260708,22,4.0968342644320295
C,1052,21028300,19988.878326996197,13.53791825095057,81,7.6996197718631185
D,1403,24962700,17792.373485388453,17.018260869565218,211,15.039201710620102
E,1166,18878100,16190.480274442538,21.499622641509436,242,20.754716981132077
F,642,9656200,15040.809968847352,26.492975077881624,194,30.218068535825545
