home_ownership,total_loans,default_rate,avg_loan_amount
MORTGAGE,2301,12.690134724033028,20381.87744458931
OWN,621,9.822866344605476,19605.152979066024
RENT,2078,19.29740134744947,15685.99615014437
