income_band,total_loans,default_rate,avg_credit_score
1_Under 35K,1355,22.804428044280442,644.3859778597786
2_35K-55K,1634,14.626682986536107,657.6621787025704
3_55K-80K,1075,12.651162790697674,668.346046511628
4_80K-120K,681,8.370044052863436,684.0264317180616
5_Over 120K,255,5.098039215686274,721.2705882352941
