purpose,total_loans,total_originated,defaults,default_rate
Debt Consolidation,1755,32297000,316,18.005698005698008
Vacation,151,2658200,26,17.218543046357617
Personal,1003,17963100,145,14.456630109670987
Business,302,5723500,43,14.23841059602649
Auto,475,8598000,64,13.473684210526315
Medical,409,7693800,52,12.71393643031785
Home Improvement,905,16735400,108,11.933701657458563
