status,count,total_balance,pct
Charged Off,148,574267.06,2.96
Current,3060,29425892.49,61.199999999999996
Default,606,4294702.68,12.120000000000001
Fully Paid,695,0.0,13.900000000000002
Late (30-59 days),121,1240871.95,2.42
Late (60-89 days),161,1531726.5,3.2199999999999998
Late (90+ days),209,1786222.21,4.18
